[{"id":"d1421698fb5d8bcb","type":"mqtt out","z":"21881e52b31f1464","name":"inTopic Publisher","topic":"inTopic","qos":"2","retain":"","respTopic":"","contentType":"","userProps":"","correl":"","expiry":"","broker":"7bdc53f656a1bdf5","x":510,"y":300,"wires":[]},{"id":"7bdc53f656a1bdf5","type":"mqtt-broker","name":"Local mqtt","broker":"localhost","port":"1883","clientid":"","autoConnect":true,"usetls":false,"protocolVersion":"4","keepalive":"60","cleansession":true,"birthTopic":"","birthQos":"0","birthPayload":"","birthMsg":{},"closeTopic":"","closeQos":"0","closePayload":"","closeMsg":{},"willTopic":"","willQos":"0","willPayload":"","willMsg":{},"userProps":"","sessionExpiry":""}]