[{"id":"6027d39c032a6f3f","type":"tab","label":"Hello Topic ","disabled":false,"info":"","env":[]},{"id":"d2bb630c15727055","type":"mqtt in","z":"6027d39c032a6f3f","name":"hello on the local mqttserver","topic":"/hello","qos":"2","datatype":"auto-detect","broker":"7bdc53f656a1bdf5","nl":false,"rap":true,"rh":0,"inputs":0,"x":220,"y":100,"wires":[["70e85cd41608028f"]]},{"id":"70e85cd41608028f","type":"debug","z":"6027d39c032a6f3f","name":"Hello topic output","active":true,"tosidebar":true,"console":false,"tostatus":false,"complete":"payload","targetType":"msg","statusVal":"","statusType":"auto","x":610,"y":100,"wires":[]},{"id":"7bdc53f656a1bdf5","type":"mqtt-broker","name":"Local mqtt","broker":"localhost","port":"1883","clientid":"","autoConnect":true,"usetls":false,"protocolVersion":"4","keepalive":"60","cleansession":true,"birthTopic":"","birthQos":"0","birthPayload":"","birthMsg":{},"closeTopic":"","closeQos":"0","closePayload":"","closeMsg":{},"willTopic":"","willQos":"0","willPayload":"","willMsg":{},"userProps":"","sessionExpiry":""}]