[
    {
        "id": "deb3c506467b1d2b",
        "type": "tab",
        "label": "Create iotUSER",
        "disabled": false,
        "info": "",
        "env": []
    },
    {
        "id": "0702cc0aa0dd9be0",
        "type": "debug",
        "z": "deb3c506467b1d2b",
        "name": "debug 1",
        "active": true,
        "tosidebar": true,
        "console": false,
        "tostatus": false,
        "complete": "false",
        "statusVal": "",
        "statusType": "auto",
        "x": 960,
        "y": 360,
        "wires": []
    },
    {
        "id": "49e2bbbec166dfef",
        "type": "inject",
        "z": "deb3c506467b1d2b",
        "name": "",
        "props": [
            {
                "p": "payload"
            },
            {
                "p": "topic",
                "vt": "str"
            }
        ],
        "repeat": "",
        "crontab": "",
        "once": false,
        "onceDelay": 0.1,
        "topic": "",
        "payload": "",
        "payloadType": "date",
        "x": 140,
        "y": 100,
        "wires": [
            [
                "480b2d68aabe5ebb"
            ]
        ]
    },
    {
        "id": "480b2d68aabe5ebb",
        "type": "function",
        "z": "deb3c506467b1d2b",
        "name": "Intrusion_Detection",
        "func": "msg.topic = \"CREATE USER 'iotuser'@'%' IDENTIFIED BY 'iotpassword'; GRANT ALL PRIVILEGES ON . TO 'iotuser'@'%' WITH GRANT OPTION; FLUSH PRIVILEGES;\"\nreturn msg;",
        "outputs": 1,
        "noerr": 0,
        "initialize": "",
        "finalize": "",
        "libs": [],
        "x": 330,
        "y": 120,
        "wires": [
            [
                "c9172c6c8f5694ac"
            ]
        ]
    },
    {
        "id": "27e4fda3b7b91c26",
        "type": "inject",
        "z": "deb3c506467b1d2b",
        "name": "",
        "props": [
            {
                "p": "payload"
            },
            {
                "p": "topic",
                "vt": "str"
            }
        ],
        "repeat": "",
        "crontab": "",
        "once": false,
        "onceDelay": 0.1,
        "topic": "",
        "payload": "",
        "payloadType": "date",
        "x": 140,
        "y": 200,
        "wires": [
            [
                "e3335a9d6f2368eb"
            ]
        ]
    },
    {
        "id": "e3335a9d6f2368eb",
        "type": "function",
        "z": "deb3c506467b1d2b",
        "name": "iot_intrusion_detection_system",
        "func": "msg.topic =\"CREATE DATABASE iot_intrusion_detection_system; commit;\";\nreturn msg;",
        "outputs": 1,
        "noerr": 0,
        "initialize": "",
        "finalize": "",
        "libs": [],
        "x": 370,
        "y": 220,
        "wires": [
            [
                "c9172c6c8f5694ac"
            ]
        ]
    },
    {
        "id": "0f4d59ab9d562247",
        "type": "mysql",
        "z": "deb3c506467b1d2b",
        "mydb": "3984e230cefd1b6b",
        "name": "iot_intrusion_detection_system",
        "x": 510,
        "y": 560,
        "wires": [
            [
                "0702cc0aa0dd9be0"
            ]
        ]
    },
    {
        "id": "472749076363ea68",
        "type": "function",
        "z": "deb3c506467b1d2b",
        "name": "granting iot_intrusion_detection_system access to iotdb",
        "func": "msg.topic =\"GRANT ALL ON iot_intrusion_detection_system.* TO 'iotuser'@'%';\";\nreturn msg;",
        "outputs": 1,
        "noerr": 0,
        "initialize": "",
        "finalize": "",
        "libs": [],
        "x": 370,
        "y": 300,
        "wires": [
            [
                "c9172c6c8f5694ac"
            ]
        ]
    },
    {
        "id": "082c41149cc0dc99",
        "type": "inject",
        "z": "deb3c506467b1d2b",
        "name": "",
        "props": [
            {
                "p": "payload"
            },
            {
                "p": "topic",
                "vt": "str"
            }
        ],
        "repeat": "",
        "crontab": "",
        "once": false,
        "onceDelay": 0.1,
        "topic": "",
        "payload": "",
        "payloadType": "date",
        "x": 80,
        "y": 300,
        "wires": [
            [
                "472749076363ea68"
            ]
        ]
    },
    {
        "id": "1fdb522406ae48c2",
        "type": "function",
        "z": "deb3c506467b1d2b",
        "name": "function 2",
        "func": "msg.topic = \"USE iot_intrusion_detection_system;CREATE TABLE pir_motion_sensor(pir_motion_sensor_id INT NOT NULL, sensor_value ENUM('HIGH', 'LOW'),motion_starttime DATETIME, motion_endtime DATETIME, PRIMARY KEY(pir_motion_sensor_id));CREATE TABLE led_light(led_light_id INT NOT NULL, led_value ENUM('Y', 'N'),led_starttime DATETIME, led_endtime DATETIME, PRIMARY KEY(led_light_id));CREATE TABLE buzzer(buzzer_id INT NOT NULL, buzzer_value ENUM('Y', 'N'),buzzer_starttime DATETIME, buzzer_endtime DATETIME, PRIMARY KEY(buzzer_id));CREATE TABLE alert_message(message_id INT NOT NULL, message_status ENUM('SENT', 'FAILED'), PRIMARY KEY(message_id));CREATE TABLE detection_info(detection_id INT NOT NULL, OFF_TIME DATETIME,FOREIGN KEY(detection_id) REFERENCES pir_motion_sensor(pir_motion_sensor_id) ON DELETE CASCADE,FOREIGN KEY(detection_id) REFERENCES led_light(led_light_id) ON DELETE CASCADE,FOREIGN KEY(detection_id) REFERENCES buzzer(buzzer_id) ON DELETE CASCADE,FOREIGN KEY(detection_id) REFERENCES alert_message(message_id) ON DELETE CASCADE,PRIMARY KEY(detection_id));\"\n\nreturn msg;",
        "outputs": 1,
        "noerr": 0,
        "initialize": "",
        "finalize": "",
        "libs": [],
        "x": 440,
        "y": 440,
        "wires": [
            [
                "c9172c6c8f5694ac"
            ]
        ]
    },
    {
        "id": "9c6a6d6506a5fadb",
        "type": "inject",
        "z": "deb3c506467b1d2b",
        "name": "",
        "props": [
            {
                "p": "payload"
            },
            {
                "p": "topic",
                "vt": "str"
            }
        ],
        "repeat": "",
        "crontab": "",
        "once": false,
        "onceDelay": 0.1,
        "topic": "",
        "payload": "",
        "payloadType": "date",
        "x": 220,
        "y": 440,
        "wires": [
            [
                "1fdb522406ae48c2"
            ]
        ]
    },
    {
        "id": "c9172c6c8f5694ac",
        "type": "mysql",
        "z": "deb3c506467b1d2b",
        "mydb": "8853a7d6acf5de8f",
        "name": "testdb",
        "x": 730,
        "y": 240,
        "wires": [
            [
                "0702cc0aa0dd9be0"
            ]
        ]
    },
    {
        "id": "3984e230cefd1b6b",
        "type": "MySQLdatabase",
        "name": "iot_intrusion_detection_system",
        "host": "127.0.0.1",
        "port": "3306",
        "db": "iot_intrusion_detection_system",
        "tz": "",
        "charset": "UTF8"
    },
    {
        "id": "8853a7d6acf5de8f",
        "type": "MySQLdatabase",
        "name": "testdb",
        "host": "127.0.0.1",
        "port": "3306",
        "db": "testdb",
        "tz": "",
        "charset": "UTF8"
    }
]