[
    {
        "id": "db91378d7c6615fe",
        "type": "tab",
        "label": "IoT Project DB",
        "disabled": false,
        "info": "",
        "env": []
    },
    {
        "id": "797b61fd66350b50",
        "type": "inject",
        "z": "db91378d7c6615fe",
        "name": "",
        "props": [
            {
                "p": "payload"
            },
            {
                "p": "topic",
                "vt": "str"
            }
        ],
        "repeat": "",
        "crontab": "",
        "once": false,
        "onceDelay": 0.1,
        "topic": "",
        "payload": "",
        "payloadType": "date",
        "x": 200,
        "y": 160,
        "wires": [
            [
                "041363dfa63737cb"
            ]
        ]
    },
    {
        "id": "041363dfa63737cb",
        "type": "function",
        "z": "db91378d7c6615fe",
        "name": "Create IoT Project Database",
        "func": "msg.topic =\"CREATE DATABASE iotdb; commit;\";\nreturn msg;",
        "outputs": 1,
        "noerr": 0,
        "initialize": "",
        "finalize": "",
        "libs": [],
        "x": 440,
        "y": 160,
        "wires": [
            [
                "3204dce16c0fda81"
            ]
        ]
    },
    {
        "id": "453362c1aed10fe5",
        "type": "inject",
        "z": "db91378d7c6615fe",
        "name": "",
        "props": [
            {
                "p": "payload"
            },
            {
                "p": "topic",
                "vt": "str"
            }
        ],
        "repeat": "",
        "crontab": "",
        "once": false,
        "onceDelay": 0.1,
        "topic": "",
        "payload": "",
        "payloadType": "date",
        "x": 220,
        "y": 280,
        "wires": [
            [
                "accffa7d8c3637a4"
            ]
        ]
    },
    {
        "id": "accffa7d8c3637a4",
        "type": "function",
        "z": "db91378d7c6615fe",
        "name": "Create Building Table",
        "func": "msg.topic = \"CREATE TABLE building ( building_id INT NOT NULL, building_name VARCHAR(45), address VARCHAR(45), city VARCHAR(45), state VARCHAR(2), zip INT, PRIMARY KEY (building_id));commit;\"\nreturn msg;",
        "outputs": 1,
        "noerr": 0,
        "initialize": "",
        "finalize": "",
        "libs": [],
        "x": 440,
        "y": 280,
        "wires": [
            [
                "b26c01c6db308669"
            ]
        ]
    },
    {
        "id": "3204dce16c0fda81",
        "type": "mysql",
        "z": "db91378d7c6615fe",
        "mydb": "7166de53fcc560d9",
        "name": "Local Database",
        "x": 700,
        "y": 160,
        "wires": [
            []
        ]
    },
    {
        "id": "27c65866fd3ac599",
        "type": "inject",
        "z": "db91378d7c6615fe",
        "name": "",
        "props": [
            {
                "p": "payload"
            },
            {
                "p": "topic",
                "vt": "str"
            }
        ],
        "repeat": "",
        "crontab": "",
        "once": false,
        "onceDelay": 0.1,
        "topic": "",
        "payload": "",
        "payloadType": "date",
        "x": 220,
        "y": 360,
        "wires": [
            [
                "d014c52563170f4a"
            ]
        ]
    },
    {
        "id": "d014c52563170f4a",
        "type": "function",
        "z": "db91378d7c6615fe",
        "name": "Create Room Table",
        "func": "msg.topic = \"CREATE TABLE room (room_id INT NOT NULL, building_id INT, room_name varchar(45), PRIMARY KEY (room_id), FOREIGN KEY (building_id) REFERENCES building(building_id));commit;\"\nreturn msg;",
        "outputs": 1,
        "noerr": 0,
        "initialize": "",
        "finalize": "",
        "libs": [],
        "x": 430,
        "y": 360,
        "wires": [
            [
                "b26c01c6db308669"
            ]
        ]
    },
    {
        "id": "2c96d8328944ec13",
        "type": "inject",
        "z": "db91378d7c6615fe",
        "name": "",
        "props": [
            {
                "p": "payload"
            },
            {
                "p": "topic",
                "vt": "str"
            }
        ],
        "repeat": "",
        "crontab": "",
        "once": false,
        "onceDelay": 0.1,
        "topic": "",
        "payload": "",
        "payloadType": "date",
        "x": 220,
        "y": 440,
        "wires": [
            [
                "c89954cda65c4ad1"
            ]
        ]
    },
    {
        "id": "c89954cda65c4ad1",
        "type": "function",
        "z": "db91378d7c6615fe",
        "name": "Create Door Lock Table",
        "func": "msg.topic = \"CREATE TABLE door_lock ( door_lock_id INT NOT NULL, room_id INT, passcode varchar(4), PRIMARY KEY (door_lock_id), FOREIGN KEY (room_id) REFERENCES room(room_id));commit;\"\nreturn msg;",
        "outputs": 1,
        "noerr": 0,
        "initialize": "",
        "finalize": "",
        "libs": [],
        "x": 440,
        "y": 440,
        "wires": [
            [
                "b26c01c6db308669"
            ]
        ]
    },
    {
        "id": "960a03b49c915256",
        "type": "inject",
        "z": "db91378d7c6615fe",
        "name": "",
        "props": [
            {
                "p": "payload"
            },
            {
                "p": "topic",
                "vt": "str"
            }
        ],
        "repeat": "",
        "crontab": "",
        "once": false,
        "onceDelay": 0.1,
        "topic": "",
        "payload": "",
        "payloadType": "date",
        "x": 240,
        "y": 520,
        "wires": [
            [
                "1566740ba70b9fb8"
            ]
        ]
    },
    {
        "id": "1566740ba70b9fb8",
        "type": "function",
        "z": "db91378d7c6615fe",
        "name": "Create Keypad Table",
        "func": "msg.topic = \"CREATE TABLE keypad ( keypad_id INT NOT NULL, door_lock_id INT, keypad_reading VARCHAR(4), date_time_recorded DATETIME, PRIMARY KEY (keypad_id), FOREIGN KEY (door_lock_id) REFERENCES door_lock(door_lock_id));commit;\"\nreturn msg;",
        "outputs": 1,
        "noerr": 0,
        "initialize": "",
        "finalize": "",
        "libs": [],
        "x": 460,
        "y": 520,
        "wires": [
            [
                "b26c01c6db308669"
            ]
        ]
    },
    {
        "id": "dd781aac26906b00",
        "type": "inject",
        "z": "db91378d7c6615fe",
        "name": "",
        "props": [
            {
                "p": "payload"
            },
            {
                "p": "topic",
                "vt": "str"
            }
        ],
        "repeat": "",
        "crontab": "",
        "once": false,
        "onceDelay": 0.1,
        "topic": "",
        "payload": "",
        "payloadType": "date",
        "x": 220,
        "y": 600,
        "wires": [
            [
                "cbc8a8f94b3ee7bc"
            ]
        ]
    },
    {
        "id": "cbc8a8f94b3ee7bc",
        "type": "function",
        "z": "db91378d7c6615fe",
        "name": "Create LED Table",
        "func": "msg.topic = \"CREATE TABLE led(led_id INT NOT NULL, door_lock_id INT, light_value VARCHAR(4), date_time_activated DATETIME, date_time_deactivated DATETIME, PRIMARY KEY(led_id), FOREIGN KEY(door_lock_id) REFERENCES door_lock(door_lock_id));commit;\"\nreturn msg;",
        "outputs": 1,
        "noerr": 0,
        "initialize": "",
        "finalize": "",
        "libs": [],
        "x": 420,
        "y": 600,
        "wires": [
            [
                "b26c01c6db308669"
            ]
        ]
    },
    {
        "id": "a1d218aec653e65a",
        "type": "inject",
        "z": "db91378d7c6615fe",
        "name": "",
        "props": [
            {
                "p": "payload"
            },
            {
                "p": "topic",
                "vt": "str"
            }
        ],
        "repeat": "",
        "crontab": "",
        "once": false,
        "onceDelay": 0.1,
        "topic": "",
        "payload": "",
        "payloadType": "date",
        "x": 220,
        "y": 680,
        "wires": [
            [
                "cbaa41da596ca00a"
            ]
        ]
    },
    {
        "id": "cbaa41da596ca00a",
        "type": "function",
        "z": "db91378d7c6615fe",
        "name": "Create Servo Motor Table",
        "func": "msg.topic = \"CREATE TABLE servo_motor ( servo_motor_id INT NOT NULL, door_lock_id INT, motor_value VARCHAR(4), date_time_activated DATETIME, date_time_deactivated DATETIME, PRIMARY KEY (servo_motor_id), FOREIGN KEY (door_lock_id) REFERENCES door_lock(door_lock_id));commit;\"\nreturn msg;",
        "outputs": 1,
        "noerr": 0,
        "initialize": "",
        "finalize": "",
        "libs": [],
        "x": 450,
        "y": 680,
        "wires": [
            [
                "b26c01c6db308669"
            ]
        ]
    },
    {
        "id": "f1299f2e82a319bb",
        "type": "inject",
        "z": "db91378d7c6615fe",
        "name": "",
        "props": [
            {
                "p": "payload"
            },
            {
                "p": "topic",
                "vt": "str"
            }
        ],
        "repeat": "",
        "crontab": "",
        "once": false,
        "onceDelay": 0.1,
        "topic": "",
        "payload": "",
        "payloadType": "date",
        "x": 220,
        "y": 760,
        "wires": [
            [
                "08d6372b36d8c434"
            ]
        ]
    },
    {
        "id": "08d6372b36d8c434",
        "type": "function",
        "z": "db91378d7c6615fe",
        "name": "Create Report Failed Attemps Table",
        "func": "msg.topic = \"CREATE TABLE report_failed_attempts ( attempt_id INT NOT NULL, door_lock_id INT, keypad_id INT, passcode_attempt VARCHAR(4), date_time_attempt DATETIME, PRIMARY KEY (attempt_id), FOREIGN KEY (door_lock_id) REFERENCES door_lock(door_lock_id), FOREIGN KEY (keypad_id) REFERENCES keypad(keypad_id));commit;\"\nreturn msg;",
        "outputs": 1,
        "noerr": 0,
        "initialize": "",
        "finalize": "",
        "libs": [],
        "x": 480,
        "y": 760,
        "wires": [
            [
                "b26c01c6db308669"
            ]
        ]
    },
    {
        "id": "b26c01c6db308669",
        "type": "mysql",
        "z": "db91378d7c6615fe",
        "mydb": "4b6fd8536710e3bf",
        "name": "IoT Project DB",
        "x": 880,
        "y": 480,
        "wires": [
            [
                "8039977a5f9b889e"
            ]
        ]
    },
    {
        "id": "8039977a5f9b889e",
        "type": "debug",
        "z": "db91378d7c6615fe",
        "name": "Debug output",
        "active": true,
        "tosidebar": true,
        "console": false,
        "tostatus": false,
        "complete": "payload",
        "targetType": "msg",
        "statusVal": "",
        "statusType": "auto",
        "x": 1110,
        "y": 480,
        "wires": []
    },
    {
        "id": "7166de53fcc560d9",
        "type": "MySQLdatabase",
        "name": "testdb",
        "host": "127.0.0.1",
        "port": "3306",
        "db": "testdb",
        "tz": "",
        "charset": "UTF8"
    },
    {
        "id": "4b6fd8536710e3bf",
        "type": "MySQLdatabase",
        "name": "iotdb",
        "host": "127.0.0.1",
        "port": "3306",
        "db": "iotdb",
        "tz": "",
        "charset": "UTF8"
    }
]