[
    {
        "id": "129da93769f8e346",
        "type": "tab",
        "label": "Flow 4",
        "disabled": false,
        "info": "",
        "env": []
    },
    {
        "id": "cd9167e931c6e440",
        "type": "comment",
        "z": "129da93769f8e346",
        "name": "what is this?",
        "info": "The purpose of this flow is to create the database tables for the rubbish removal project",
        "x": 110,
        "y": 40,
        "wires": []
    },
    {
        "id": "4ac57037ca230de6",
        "type": "inject",
        "z": "129da93769f8e346",
        "name": "",
        "props": [
            {
                "p": "payload"
            },
            {
                "p": "topic",
                "vt": "str"
            }
        ],
        "repeat": "",
        "crontab": "",
        "once": false,
        "onceDelay": 0.1,
        "topic": "",
        "payload": "",
        "payloadType": "date",
        "x": 140,
        "y": 120,
        "wires": [
            [
                "ba751625a28c5e57"
            ]
        ]
    },
    {
        "id": "ba751625a28c5e57",
        "type": "function",
        "z": "129da93769f8e346",
        "name": "create trash_info table",
        "func": "msg.topic = \"CREATE TABLE trash_info ( unique_id VARCHAR(255), time_recorded DATETIME, time_received DATETIME, capacity_total SMALLINT, capacity_used SMALLINT, percent_used TINYINT ); commit;\"\nreturn msg;",
        "outputs": 1,
        "noerr": 0,
        "initialize": "",
        "finalize": "",
        "libs": [],
        "x": 380,
        "y": 120,
        "wires": [
            [
                "5c2b9e8515748126"
            ]
        ]
    },
    {
        "id": "5c2b9e8515748126",
        "type": "mysql",
        "z": "129da93769f8e346",
        "mydb": "4b6fd8536710e3bf",
        "name": "iotdb",
        "x": 690,
        "y": 180,
        "wires": [
            [
                "1fc618e08e1227dd"
            ]
        ]
    },
    {
        "id": "1fc618e08e1227dd",
        "type": "debug",
        "z": "129da93769f8e346",
        "name": "output debug",
        "active": true,
        "tosidebar": true,
        "console": false,
        "tostatus": false,
        "complete": "payload",
        "targetType": "msg",
        "statusVal": "",
        "statusType": "auto",
        "x": 1040,
        "y": 160,
        "wires": []
    },
    {
        "id": "c007cd9d8c53ac99",
        "type": "inject",
        "z": "129da93769f8e346",
        "name": "",
        "props": [
            {
                "p": "payload"
            },
            {
                "p": "topic",
                "vt": "str"
            }
        ],
        "repeat": "",
        "crontab": "",
        "once": false,
        "onceDelay": 0.1,
        "topic": "",
        "payload": "",
        "payloadType": "date",
        "x": 140,
        "y": 300,
        "wires": [
            [
                "773041ba5f092c58"
            ]
        ]
    },
    {
        "id": "773041ba5f092c58",
        "type": "function",
        "z": "129da93769f8e346",
        "name": "delete trash_info table",
        "func": "msg.topic = \"DROP TABLE trash_info;\"\nreturn msg;",
        "outputs": 1,
        "noerr": 0,
        "initialize": "",
        "finalize": "",
        "libs": [],
        "x": 400,
        "y": 300,
        "wires": [
            [
                "5c2b9e8515748126"
            ]
        ]
    },
    {
        "id": "4b6fd8536710e3bf",
        "type": "MySQLdatabase",
        "name": "iotdb",
        "host": "127.0.0.1",
        "port": "3306",
        "db": "iotdb",
        "tz": "",
        "charset": "UTF8"
    }
]