[
    {
        "id": "a55748cbbd586ccc",
        "type": "tab",
        "label": "Flow 2",
        "disabled": false,
        "info": "",
        "env": []
    },
    {
        "id": "b642ce5b447df525",
        "type": "inject",
        "z": "a55748cbbd586ccc",
        "name": "",
        "props": [
            {
                "p": "payload"
            },
            {
                "p": "topic",
                "vt": "str"
            }
        ],
        "repeat": "",
        "crontab": "",
        "once": false,
        "onceDelay": 0.1,
        "topic": "",
        "payload": "",
        "payloadType": "date",
        "x": 220,
        "y": 160,
        "wires": [
            [
                "54338b7849a1eff3"
            ]
        ]
    },
    {
        "id": "7cda04fe13b62f3f",
        "type": "inject",
        "z": "a55748cbbd586ccc",
        "name": "",
        "props": [
            {
                "p": "payload"
            },
            {
                "p": "topic",
                "vt": "str"
            }
        ],
        "repeat": "",
        "crontab": "",
        "once": false,
        "onceDelay": 0.1,
        "topic": "",
        "payload": "",
        "payloadType": "date",
        "x": 220,
        "y": 240,
        "wires": [
            [
                "4f28d07451583b48"
            ]
        ]
    },
    {
        "id": "54338b7849a1eff3",
        "type": "function",
        "z": "a55748cbbd586ccc",
        "name": "Create User table",
        "func": "\nreturn msg;",
        "outputs": 1,
        "noerr": 0,
        "initialize": "",
        "finalize": "",
        "libs": [],
        "x": 430,
        "y": 180,
        "wires": [
            [
                "fae1fa38bd580a03"
            ]
        ]
    },
    {
        "id": "4f28d07451583b48",
        "type": "function",
        "z": "a55748cbbd586ccc",
        "name": "insert into users",
        "func": "\nreturn msg;",
        "outputs": 1,
        "noerr": 0,
        "initialize": "",
        "finalize": "",
        "libs": [],
        "x": 460,
        "y": 280,
        "wires": [
            [
                "fae1fa38bd580a03"
            ]
        ]
    },
    {
        "id": "a4701529f2b6b24e",
        "type": "inject",
        "z": "a55748cbbd586ccc",
        "name": "",
        "props": [
            {
                "p": "payload"
            },
            {
                "p": "topic",
                "vt": "str"
            }
        ],
        "repeat": "",
        "crontab": "",
        "once": false,
        "onceDelay": 0.1,
        "topic": "",
        "payload": "",
        "payloadType": "date",
        "x": 220,
        "y": 380,
        "wires": [
            [
                "1a8a01866c23109e"
            ]
        ]
    },
    {
        "id": "1a8a01866c23109e",
        "type": "function",
        "z": "a55748cbbd586ccc",
        "name": "Select",
        "func": "\nreturn msg;",
        "outputs": 1,
        "noerr": 0,
        "initialize": "",
        "finalize": "",
        "libs": [],
        "x": 490,
        "y": 380,
        "wires": [
            [
                "fae1fa38bd580a03"
            ]
        ]
    },
    {
        "id": "fae1fa38bd580a03",
        "type": "mysql",
        "z": "a55748cbbd586ccc",
        "mydb": "7592388f042ddfa2",
        "name": "",
        "x": 800,
        "y": 260,
        "wires": [
            [
                "e49905ec144461f6",
                "6b950731e98bd3cc"
            ]
        ]
    },
    {
        "id": "6b950731e98bd3cc",
        "type": "json",
        "z": "a55748cbbd586ccc",
        "name": "",
        "property": "payload",
        "action": "",
        "pretty": false,
        "x": 1090,
        "y": 420,
        "wires": [
            [
                "e49905ec144461f6"
            ]
        ]
    },
    {
        "id": "e49905ec144461f6",
        "type": "debug",
        "z": "a55748cbbd586ccc",
        "name": "debug 2",
        "active": true,
        "tosidebar": true,
        "console": false,
        "tostatus": false,
        "complete": "false",
        "statusVal": "",
        "statusType": "auto",
        "x": 1080,
        "y": 300,
        "wires": []
    },
    {
        "id": "7592388f042ddfa2",
        "type": "MySQLdatabase",
        "name": "Waterflow_detection",
        "host": "127.0.0.1",
        "port": "3306",
        "db": "smart_waterflow_detection",
        "tz": "",
        "charset": "UTF8"
    }
]