[
    {
        "id": "49c42b9d956ac185",
        "type": "tab",
        "label": "Smart Streetlights_Create Tables",
        "disabled": false,
        "info": "",
        "env": []
    },
    {
        "id": "31a8276891338567",
        "type": "inject",
        "z": "49c42b9d956ac185",
        "name": "",
        "props": [
            {
                "p": "payload"
            },
            {
                "p": "topic",
                "vt": "str"
            }
        ],
        "repeat": "",
        "crontab": "",
        "once": false,
        "onceDelay": 0.1,
        "topic": "",
        "payload": "",
        "payloadType": "date",
        "x": 120,
        "y": 200,
        "wires": [
            [
                "7dafab20d9048c4d"
            ]
        ]
    },
    {
        "id": "7dafab20d9048c4d",
        "type": "function",
        "z": "49c42b9d956ac185",
        "name": "Create street_lighting schema",
        "func": "msg.topic = \"CREATE DATABASE iot_street_lights; commit;\";\nreturn msg;",
        "outputs": 1,
        "noerr": 0,
        "initialize": "",
        "finalize": "",
        "libs": [],
        "x": 370,
        "y": 200,
        "wires": [
            [
                "5e6d9eb17f5f1293"
            ]
        ]
    },
    {
        "id": "c4636f198b7f381b",
        "type": "function",
        "z": "49c42b9d956ac185",
        "name": "Grant iotuser access to street_light db",
        "func": "\nmsg.topic = \"GRANT ALL ON iot_street_lights.* TO 'iotuser'@'localhost';\";\nreturn msg;",
        "outputs": 1,
        "noerr": 0,
        "initialize": "",
        "finalize": "",
        "libs": [],
        "x": 390,
        "y": 300,
        "wires": [
            [
                "5e6d9eb17f5f1293"
            ]
        ]
    },
    {
        "id": "5e6d9eb17f5f1293",
        "type": "mysql",
        "z": "49c42b9d956ac185",
        "mydb": "3a06ad6c3cdc90f7",
        "name": "iotdb localhost",
        "x": 700,
        "y": 240,
        "wires": [
            [
                "bc22e04a6792691b"
            ]
        ]
    },
    {
        "id": "bc22e04a6792691b",
        "type": "debug",
        "z": "49c42b9d956ac185",
        "name": "debug 2",
        "active": true,
        "tosidebar": true,
        "console": false,
        "tostatus": false,
        "complete": "false",
        "statusVal": "",
        "statusType": "auto",
        "x": 1000,
        "y": 240,
        "wires": []
    },
    {
        "id": "b9609a12931d06ee",
        "type": "inject",
        "z": "49c42b9d956ac185",
        "name": "",
        "props": [
            {
                "p": "payload"
            },
            {
                "p": "topic",
                "vt": "str"
            }
        ],
        "repeat": "",
        "crontab": "",
        "once": false,
        "onceDelay": 0.1,
        "topic": "",
        "payload": "",
        "payloadType": "date",
        "x": 120,
        "y": 300,
        "wires": [
            [
                "c4636f198b7f381b"
            ]
        ]
    },
    {
        "id": "27239fc5ec456356",
        "type": "inject",
        "z": "49c42b9d956ac185",
        "name": "",
        "props": [
            {
                "p": "payload"
            },
            {
                "p": "topic",
                "vt": "str"
            }
        ],
        "repeat": "",
        "crontab": "",
        "once": false,
        "onceDelay": 0.1,
        "topic": "",
        "payload": "",
        "payloadType": "date",
        "x": 120,
        "y": 400,
        "wires": [
            [
                "bd8c47489f05a95e"
            ]
        ]
    },
    {
        "id": "bd8c47489f05a95e",
        "type": "function",
        "z": "49c42b9d956ac185",
        "name": "Create tables for smart street lighting project",
        "func": "msg.topic = \"USE iot_street_lights; CREATE TABLE photoresistor_data(photoresistor_id INT NOT NULL, light_value INT, datetime_recorded DATETIME, datetime_received DATETIME, light_min_value INT, light_max_value INT, PRIMARY KEY(photoresistor_id)); CREATE TABLE ir_motion_sensor_data  (ir_sensor_id INT NOT NULL, motion_value ENUM('HIGH', 'LOW'), datetime_recorded DATETIME, datetime_received DATETIME, PRIMARY KEY(ir_sensor_id)); CREATE TABLE led_actuator_data (led_id INT NOT NULL, is_on ENUM('Y', 'N'), datetime_activated DATETIME, datetime_deactivated DATETIME, PRIMARY KEY(led_id)); CREATE TABLE street_info (street_id INT NOT NULL, street_name VARCHAR(20), device_id INT, device_type ENUM('Photoresistor', 'IR_Sensor', 'LED'), address VARCHAR(50), FOREIGN KEY(device_id)  REFERENCES photoresistor_data(photoresistor_id)    ON DELETE CASCADE, FOREIGN KEY(device_id) REFERENCES ir_motion_sensor_data(ir_sensor_id) ON DELETE CASCADE, FOREIGN KEY(device_id) REFERENCES led_actuator_data(led_id) ON DELETE CASCADE, PRIMARY KEY(street_id));\";\nreturn msg;",
        "outputs": 1,
        "noerr": 0,
        "initialize": "",
        "finalize": "",
        "libs": [],
        "x": 410,
        "y": 400,
        "wires": [
            [
                "2a4e6eefef6d7744"
            ]
        ]
    },
    {
        "id": "2a4e6eefef6d7744",
        "type": "mysql",
        "z": "49c42b9d956ac185",
        "mydb": "a4d4c8d2086796a6",
        "name": "iot_street_lights db",
        "x": 770,
        "y": 360,
        "wires": [
            [
                "bc22e04a6792691b"
            ]
        ]
    },
    {
        "id": "3a06ad6c3cdc90f7",
        "type": "MySQLdatabase",
        "name": "iotdb - iotsuer",
        "host": "127.0.0.1",
        "port": "3306",
        "db": "iotdb",
        "tz": "",
        "charset": "UTF8"
    },
    {
        "id": "a4d4c8d2086796a6",
        "type": "MySQLdatabase",
        "name": "iot_street_lights",
        "host": "127.0.0.1",
        "port": "3306",
        "db": "iot_street_lights",
        "tz": "",
        "charset": "UTF8"
    }
]
