[
    {
        "id": "3d0b597355cf2e8b",
        "type": "tab",
        "label": "iot_final_Geli Yang",
        "disabled": false,
        "info": "",
        "env": []
    },
    {
        "id": "d3cfc61c9d47e7d1",
        "type": "mqtt in",
        "z": "3d0b597355cf2e8b",
        "name": "/traffic/light0/led",
        "topic": "/traffic/light0/led",
        "qos": "2",
        "datatype": "auto-detect",
        "broker": "284765e479b9a433",
        "nl": false,
        "rap": true,
        "rh": 0,
        "inputs": 0,
        "x": 100,
        "y": 100,
        "wires": [
            [
                "a3219b483263a85d",
                "7e85e5998ddbdcc4"
            ]
        ]
    },
    {
        "id": "a3219b483263a85d",
        "type": "debug",
        "z": "3d0b597355cf2e8b",
        "name": "Hello topic output",
        "active": false,
        "tosidebar": true,
        "console": false,
        "tostatus": false,
        "complete": "payload",
        "targetType": "msg",
        "statusVal": "",
        "statusType": "auto",
        "x": 490,
        "y": 80,
        "wires": []
    },
    {
        "id": "7e85e5998ddbdcc4",
        "type": "json",
        "z": "3d0b597355cf2e8b",
        "name": "",
        "property": "payload",
        "action": "str",
        "pretty": false,
        "x": 350,
        "y": 200,
        "wires": [
            [
                "137e178fc656d75e"
            ]
        ]
    },
    {
        "id": "de0189355474158b",
        "type": "debug",
        "z": "3d0b597355cf2e8b",
        "name": "debug 2",
        "active": true,
        "tosidebar": true,
        "console": false,
        "tostatus": false,
        "complete": "false",
        "statusVal": "",
        "statusType": "auto",
        "x": 740,
        "y": 100,
        "wires": []
    },
    {
        "id": "137e178fc656d75e",
        "type": "template",
        "z": "3d0b597355cf2e8b",
        "name": "reply",
        "field": "payload",
        "fieldType": "msg",
        "format": "handlebars",
        "syntax": "mustache",
        "template": "Reply to {{payload}}",
        "output": "str",
        "x": 530,
        "y": 200,
        "wires": [
            [
                "de0189355474158b",
                "abe36fd797250933"
            ]
        ]
    },
    {
        "id": "abe36fd797250933",
        "type": "mqtt out",
        "z": "3d0b597355cf2e8b",
        "name": "/traffic/light0/time",
        "topic": "/traffic/light0/time",
        "qos": "2",
        "retain": "false",
        "respTopic": "",
        "contentType": "",
        "userProps": "",
        "correl": "",
        "expiry": "",
        "broker": "7bdc53f656a1bdf5",
        "x": 770,
        "y": 240,
        "wires": []
    },
    {
        "id": "d56db378ec542ef6",
        "type": "mqtt in",
        "z": "3d0b597355cf2e8b",
        "name": "/traffic/light0/wait",
        "topic": "/traffic/light0/wait",
        "qos": "2",
        "datatype": "auto-detect",
        "broker": "7bdc53f656a1bdf5",
        "nl": false,
        "rap": true,
        "rh": 0,
        "inputs": 0,
        "x": 240,
        "y": 640,
        "wires": [
            [
                "f1b189625ac8cbb5"
            ]
        ]
    },
    {
        "id": "62658047bf2d97f5",
        "type": "inject",
        "z": "3d0b597355cf2e8b",
        "name": "",
        "props": [
            {
                "p": "payload"
            },
            {
                "p": "topic",
                "vt": "str"
            }
        ],
        "repeat": "",
        "crontab": "",
        "once": false,
        "onceDelay": 0.1,
        "topic": "",
        "payload": "",
        "payloadType": "date",
        "x": 160,
        "y": 540,
        "wires": [
            [
                "847b084de09d9e2e"
            ]
        ]
    },
    {
        "id": "807514304012cab5",
        "type": "function",
        "z": "3d0b597355cf2e8b",
        "name": "create report schema",
        "func": "msg.topic = \"CREATE TABLE report ( lid INT NOT NULL, datetime_incident DATETIME); commit;\"\nreturn msg;\n",
        "outputs": 1,
        "noerr": 0,
        "initialize": "",
        "finalize": "",
        "libs": [],
        "x": 440,
        "y": 340,
        "wires": [
            [
                "7846c838f09167d5"
            ]
        ]
    },
    {
        "id": "7846c838f09167d5",
        "type": "mysql",
        "z": "3d0b597355cf2e8b",
        "mydb": "3a06ad6c3cdc90f7",
        "name": "iotdb",
        "x": 730,
        "y": 420,
        "wires": [
            [
                "51c7dd0484df12bc"
            ]
        ]
    },
    {
        "id": "847b084de09d9e2e",
        "type": "change",
        "z": "3d0b597355cf2e8b",
        "name": "time received",
        "rules": [
            {
                "t": "set",
                "p": "payload",
                "pt": "msg",
                "to": "",
                "tot": "date"
            }
        ],
        "action": "",
        "property": "",
        "from": "",
        "to": "",
        "reg": false,
        "x": 320,
        "y": 560,
        "wires": [
            [
                "83e5b3714002bf45"
            ]
        ]
    },
    {
        "id": "83e5b3714002bf45",
        "type": "function",
        "z": "3d0b597355cf2e8b",
        "name": "insert",
        "func": "msg.topic = \"insert into report values(1,now());commit;\"\nreturn msg;\n",
        "outputs": 1,
        "noerr": 0,
        "initialize": "",
        "finalize": "",
        "libs": [],
        "x": 530,
        "y": 560,
        "wires": [
            [
                "7846c838f09167d5"
            ]
        ]
    },
    {
        "id": "63eb315f9d06ac8f",
        "type": "inject",
        "z": "3d0b597355cf2e8b",
        "name": "",
        "props": [
            {
                "p": "payload"
            },
            {
                "p": "topic",
                "vt": "str"
            }
        ],
        "repeat": "",
        "crontab": "",
        "once": false,
        "onceDelay": 0.1,
        "topic": "",
        "payload": "",
        "payloadType": "date",
        "x": 200,
        "y": 340,
        "wires": [
            [
                "807514304012cab5"
            ]
        ]
    },
    {
        "id": "f1b189625ac8cbb5",
        "type": "function",
        "z": "3d0b597355cf2e8b",
        "name": "record current time in db",
        "func": "msg.topic = \"insert into report values(1,now());commit;\"\nreturn msg;\n",
        "outputs": 1,
        "noerr": 0,
        "initialize": "",
        "finalize": "",
        "libs": [],
        "x": 550,
        "y": 660,
        "wires": [
            [
                "7846c838f09167d5"
            ]
        ]
    },
    {
        "id": "51c7dd0484df12bc",
        "type": "function",
        "z": "3d0b597355cf2e8b",
        "name": "select *",
        "func": "msg.payload = \"SELECT * from report;\"\nreturn msg;",
        "outputs": 1,
        "noerr": 0,
        "initialize": "",
        "finalize": "",
        "libs": [],
        "x": 900,
        "y": 420,
        "wires": [
            [
                "a9f8cdd34382729a",
                "adde68fceb9aa49b"
            ]
        ]
    },
    {
        "id": "a9f8cdd34382729a",
        "type": "debug",
        "z": "3d0b597355cf2e8b",
        "name": "",
        "active": true,
        "tosidebar": true,
        "console": false,
        "complete": "false",
        "statusVal": "",
        "statusType": "auto",
        "x": 1050,
        "y": 500,
        "wires": []
    },
    {
        "id": "adde68fceb9aa49b",
        "type": "ui_chart",
        "z": "3d0b597355cf2e8b",
        "name": "time chart",
        "group": "fb4b1d0ff356f974",
        "order": 1,
        "width": "6",
        "height": "3",
        "label": "chart",
        "chartType": "line",
        "legend": "true",
        "xformat": "HH:mm:ss",
        "interpolate": "linear",
        "nodata": "",
        "dot": false,
        "ymin": "-5",
        "ymax": "5",
        "removeOlder": 1,
        "removeOlderPoints": "",
        "removeOlderUnit": "3600",
        "cutout": 0,
        "useOneColor": false,
        "useUTC": false,
        "colors": [
            "#1f77b4",
            "#aec7e8",
            "#ff7f0e",
            "#2ca02c",
            "#98df8a",
            "#d62728",
            "#ff9896",
            "#9467bd",
            "#c5b0d5"
        ],
        "outputs": 1,
        "useDifferentColor": false,
        "className": "",
        "x": 1060,
        "y": 320,
        "wires": [
            []
        ]
    },
    {
        "id": "284765e479b9a433",
        "type": "mqtt-broker",
        "name": "",
        "broker": "localhost",
        "port": "1883",
        "clientid": "",
        "autoConnect": true,
        "usetls": false,
        "protocolVersion": "5",
        "keepalive": "60",
        "cleansession": true,
        "birthTopic": "",
        "birthQos": "0",
        "birthPayload": "",
        "birthMsg": {},
        "closeTopic": "",
        "closeQos": "0",
        "closePayload": "",
        "closeMsg": {},
        "willTopic": "",
        "willQos": "0",
        "willPayload": "",
        "willMsg": {},
        "userProps": "",
        "sessionExpiry": ""
    },
    {
        "id": "7bdc53f656a1bdf5",
        "type": "mqtt-broker",
        "name": "Local mqtt",
        "broker": "localhost",
        "port": "1883",
        "clientid": "",
        "autoConnect": true,
        "usetls": false,
        "protocolVersion": "4",
        "keepalive": "60",
        "cleansession": true,
        "birthTopic": "",
        "birthQos": "0",
        "birthPayload": "",
        "birthMsg": {},
        "closeTopic": "",
        "closeQos": "0",
        "closePayload": "",
        "closeMsg": {},
        "willTopic": "",
        "willQos": "0",
        "willPayload": "",
        "willMsg": {},
        "userProps": "",
        "sessionExpiry": ""
    },
    {
        "id": "3a06ad6c3cdc90f7",
        "type": "MySQLdatabase",
        "name": "iotdb",
        "host": "127.0.0.1",
        "port": "3306",
        "db": "iotdb",
        "tz": "",
        "charset": "UTF8"
    },
    {
        "id": "fb4b1d0ff356f974",
        "type": "ui_group",
        "name": "time chart",
        "tab": "75ed0240d7f231f0",
        "order": 1,
        "disp": true,
        "width": "6",
        "collapse": false,
        "className": ""
    },
    {
        "id": "75ed0240d7f231f0",
        "type": "ui_tab",
        "name": "Home",
        "icon": "dashboard for time chart",
        "disabled": false,
        "hidden": false
    }
]