[{"id":"deb3c506467b1d2b","type":"tab","label":"Create iotUSER","disabled":false,"info":"","env":[]},{"id":"c9172c6c8f5694ac","type":"mysql","z":"deb3c506467b1d2b","mydb":"fd758672ba1c65c9","name":"testdb - macos laptop root","x":560,"y":160,"wires":[["0702cc0aa0dd9be0"]]},{"id":"0702cc0aa0dd9be0","type":"debug","z":"deb3c506467b1d2b","name":"debug 1","active":true,"tosidebar":true,"console":false,"tostatus":false,"complete":"false","statusVal":"","statusType":"auto","x":840,"y":220,"wires":[]},{"id":"49e2bbbec166dfef","type":"inject","z":"deb3c506467b1d2b","name":"","props":[{"p":"payload"},{"p":"topic","vt":"str"}],"repeat":"","crontab":"","once":false,"onceDelay":0.1,"topic":"","payload":"","payloadType":"date","x":140,"y":100,"wires":[["480b2d68aabe5ebb"]]},{"id":"480b2d68aabe5ebb","type":"function","z":"deb3c506467b1d2b","name":"Add IOTUSER","func":"msg.topic = \"CREATE USER 'iotuser'@'%' IDENTIFIED BY 'iotpassword'; GRANT ALL PRIVILEGES ON *.* TO 'iotuser'@'%' WITH GRANT OPTION; FLUSH PRIVILEGES;\"\nreturn msg;","outputs":1,"noerr":0,"initialize":"","finalize":"","libs":[],"x":320,"y":120,"wires":[["c9172c6c8f5694ac"]]},{"id":"27e4fda3b7b91c26","type":"inject","z":"deb3c506467b1d2b","name":"","props":[{"p":"payload"},{"p":"topic","vt":"str"}],"repeat":"","crontab":"","once":false,"onceDelay":0.1,"topic":"","payload":"","payloadType":"date","x":140,"y":200,"wires":[["e3335a9d6f2368eb"]]},{"id":"e3335a9d6f2368eb","type":"function","z":"deb3c506467b1d2b","name":"creating iotdb","func":"msg.topic =\"CREATE DATABASE iotdb; commit;\";\nreturn msg;","outputs":1,"noerr":0,"initialize":"","finalize":"","libs":[],"x":320,"y":220,"wires":[["c9172c6c8f5694ac"]]},{"id":"0f4d59ab9d562247","type":"mysql","z":"deb3c506467b1d2b","mydb":"3a06ad6c3cdc90f7","name":"localmachine - iotdb-iotuser","x":540,"y":440,"wires":[["0702cc0aa0dd9be0"]]},{"id":"472749076363ea68","type":"function","z":"deb3c506467b1d2b","name":"granting iotuser access to iotdb","func":"msg.topic =\"GRANT ALL ON iotdb.* TO 'iotuser'@'%';\";\nreturn msg;","outputs":1,"noerr":0,"initialize":"","finalize":"","libs":[],"x":290,"y":300,"wires":[["c9172c6c8f5694ac"]]},{"id":"082c41149cc0dc99","type":"inject","z":"deb3c506467b1d2b","name":"","props":[{"p":"payload"},{"p":"topic","vt":"str"}],"repeat":"","crontab":"","once":false,"onceDelay":0.1,"topic":"","payload":"","payloadType":"date","x":120,"y":400,"wires":[["472749076363ea68"]]},{"id":"fd758672ba1c65c9","type":"MySQLdatabase","name":"testdb - localmachine","host":"127.0.0.1","port":"3306","db":"testdb","tz":"","charset":"UTF8"},{"id":"3a06ad6c3cdc90f7","type":"MySQLdatabase","name":"iotdb - iotsuer","host":"127.0.0.1","port":"3306","db":"iotdb","tz":"","charset":"UTF8","credentials":{}}]