[{"id":"ddfc50da115f5f45","type":"tab","label":"Flow 1","disabled":false,"info":"","env":[]},{"id":"bc53e1c2d660f1c1","type":"mysql","z":"ddfc50da115f5f45","mydb":"8853a7d6acf5de8f","name":"Local Database","x":520,"y":320,"wires":[["111e289d32a19285"]]},{"id":"eca31edbf578248a","type":"function","z":"ddfc50da115f5f45","name":"Insert into users","func":"msg.payload = {}\nmsg.payload.userToChange = 42;\nmsg.payload.newUsername = \"example-user\";\nmsg.topic = \"INSERT INTO users (`userid`, `username`) VALUES (:userToChange, :newUsername) ON DUPLICATE KEY UPDATE `username`=:newUsername;commit;\"\nreturn msg;","outputs":1,"noerr":0,"initialize":"","finalize":"","libs":[],"x":280,"y":320,"wires":[["bc53e1c2d660f1c1"]]},{"id":"4b900caf621194ef","type":"inject","z":"ddfc50da115f5f45","name":"","props":[{"p":"payload"},{"p":"topic","vt":"str"}],"repeat":"","crontab":"","once":false,"onceDelay":0.1,"topic":"","payload":"","payloadType":"date","x":100,"y":320,"wires":[["eca31edbf578248a"]]},{"id":"7f56f49c3174fdb8","type":"inject","z":"ddfc50da115f5f45","name":"","props":[{"p":"payload"},{"p":"topic","vt":"str"}],"repeat":"","crontab":"","once":false,"onceDelay":0.1,"topic":"","payload":"","payloadType":"date","x":100,"y":240,"wires":[["b1336fdf71befc37"]]},{"id":"b1336fdf71befc37","type":"function","z":"ddfc50da115f5f45","name":"Create User Table","func":"msg.topic = \"CREATE TABLE users ( userid int, username varchar(255));commit;\"\nreturn msg;\n","outputs":1,"noerr":0,"initialize":"","finalize":"","libs":[],"x":290,"y":240,"wires":[["bc53e1c2d660f1c1"]]},{"id":"111e289d32a19285","type":"debug","z":"ddfc50da115f5f45","name":"Debug output","active":true,"tosidebar":true,"console":false,"tostatus":false,"complete":"payload","targetType":"msg","statusVal":"","statusType":"auto","x":720,"y":380,"wires":[]},{"id":"baddaabc34cf3266","type":"inject","z":"ddfc50da115f5f45","name":"","props":[{"p":"payload"},{"p":"topic","vt":"str"}],"repeat":"","crontab":"","once":false,"onceDelay":0.1,"topic":"","payload":"","payloadType":"date","x":100,"y":380,"wires":[["92e84e24f4f2b7b7"]]},{"id":"92e84e24f4f2b7b7","type":"function","z":"ddfc50da115f5f45","name":"select","func":"\nmsg.topic = \"select * from users\";\nreturn msg;","outputs":1,"noerr":0,"initialize":"","finalize":"","libs":[],"x":250,"y":380,"wires":[["43b2fb7a88b7788c"]]},{"id":"43b2fb7a88b7788c","type":"mysql","z":"ddfc50da115f5f45","mydb":"8853a7d6acf5de8f","name":"Local Database","x":480,"y":440,"wires":[["7ab41848e05fdba8"]]},{"id":"7ab41848e05fdba8","type":"json","z":"ddfc50da115f5f45","name":"","property":"payload","action":"","pretty":false,"x":630,"y":500,"wires":[["111e289d32a19285"]]},{"id":"8853a7d6acf5de8f","type":"MySQLdatabase","name":"testdb","host":"127.0.0.1","port":"3306","db":"testdb","tz":"","charset":"UTF8"}]